Open,Close,High,Low,Stochastic_Oscillator,Wiki_5day_Disparity,Wiki_3day_Disparity,Google_MA_6,RSI_Move,Wiki_Move,Wiki_MA3_Move,Wiki_EMA5_Move,Wiki_RSI_Move,Wiki_5day_Disparity_Move,Google_EMA5_Move,Google_Move,Google_3day_Disparity_Move,Google_RSI_Move,Google_ROC_Move,Target
81.31750709,80.777763,83.08129214,80.58500187,76.68290903,1.125344803,1.084885817,1763.333333,1,1,1,1,1,1,0,0,0,0,1,0
80.67175322,80.854881,81.27896481,80.10310312,77.46352317,1.007594126,1.000227066,1750,1,0,0,1,0,0,0,0,0,0,0,1
81.307887,80.170578,81.307887,80.10311154,69.27789387,0.921876439,0.908575318,1738.333333,0,0,1,0,0,0,1,1,1,1,1,0
80.65248818,80.170578,80.72959574,79.881429,66.25721059,0.940152801,0.964830201,1716.666667,0,0,0,0,1,1,0,0,0,0,0,0
80.33441501,81.009094,81.40425644,80.11274118,75.97780403,0.957581736,1.013422819,1728.333333,1,1,0,0,1,1,1,1,1,1,1,1
81.03799169,81.095818,81.48134795,80.38259405,76.98316201,0.992507541,1.007905138,1673.333333,1,1,1,0,0,1,0,0,0,0,0,1
81.15365969,81.413895,81.6355698,81.03800608,80.45207122,1.194863336,1.150060478,1710,1,1,1,1,1,1,1,1,1,1,1,1
81.70303309,81.221123,81.82833453,80.89342703,78.19208575,1.311967094,1.202749591,1683.333333,0,1,1,1,1,1,0,0,0,0,0,0
81.09583745,81.500641,81.54883491,80.79705605,79.97569253,1.261205564,1.105004796,1656.666667,1,1,1,1,1,0,0,1,1,1,1,0
81.06691922,81.047638,81.2211266,79.90069773,74.23687318,1.097687572,0.97945169,1675,0,0,1,1,0,0,1,1,1,1,0,0
80.75849446,80.835602,81.05727582,80.21875708,71.55071812,1.044043513,0.996360184,1685,0,1,1,1,1,0,1,1,1,1,1,0
80.63319742,80.893425,80.90306513,80.44042857,72.28324252,1.13007252,1.112337366,1750,1,1,1,1,1,1,1,0,0,0,0,0
80.47898998,81.009094,81.05728019,79.97780634,71.14113153,1.100394694,1.057615516,1701.666667,1,1,1,1,1,0,0,0,0,0,1,1
80.85409774,80.379456,81.06720403,80.09854347,15.56400942,1.08910321,1.017573747,1715,0,1,1,1,1,0,0,0,1,0,0,0
80.49569491,80.59256,80.8056663,80.34071308,36.52622023,1.269953052,1.181796117,1748.333333,1,1,1,1,1,1,1,1,1,1,1,1
80.5150716,79.817635,80.5150716,79.66264543,7.156593719,1.1397422,1.060452083,1748.333333,0,0,1,1,0,0,1,0,0,0,0,0
79.81763503,79.943558,80.00167473,79.672334,12.97104789,0.923165001,0.861947363,1723.333333,1,0,1,0,0,0,1,1,0,1,1,1
80.14698461,81.096275,81.21250944,80.14698461,66.19738593,1.195448431,1.159861641,1705,1,1,1,1,1,1,0,0,1,0,1,1
81.20281556,80.505379,81.2706218,80.43757276,38.91295251,0.893280289,0.919925373,1716.666667,0,0,0,0,0,0,1,1,1,1,1,0
80.40852284,80.650688,80.81535837,80.18572798,45.62254901,0.985096771,0.954716171,1708.333333,1,1,1,1,1,1,0,0,0,0,0,1
80.6991152,81.24157,81.34812267,80.68943344,72.90633599,0.611815902,0.675855513,1696.666667,1,0,0,0,0,0,1,1,1,1,1,1
81.43530474,82.219917,82.39427689,81.3868688,93.61700521,0.673865069,0.80982951,1656.666667,1,1,0,0,0,1,0,0,0,0,0,1
82.05523284,80.728165,82.25865058,80.57318319,39.00671024,0.759416768,0.976171406,1707.5,0,0,0,0,0,1,1,1,1,1,1,0
80.8928459,81.532158,81.87118823,80.72816779,68.43941412,0.862385639,0.996595915,1854.166667,1,1,0,0,0,1,1,1,1,1,1,1
80.98003405,81.619354,82.15211352,80.61194589,71.63149919,0.868215129,0.895771038,1990.833333,1,0,0,0,0,1,1,0,0,0,1,1
81.77432343,78.539001,81.78401197,78.17090514,8.715686933,0.994987469,1.025618945,2170.833333,0,1,0,0,1,1,1,1,0,1,0,0
78.79086281,79.033028,80.08887211,78.44215171,20.41314169,0.990706795,1.024841981,2292.5,1,0,0,0,0,0,1,0,0,0,1,1
78.99426646,80.185715,80.53443278,78.8780243,47.70619253,0.981185121,0.975768872,2449.166667,1,0,1,0,0,0,1,0,1,0,0,1
79.95325194,79.904816,80.20510565,79.43017421,41.05513228,1.084638957,1.061009077,2488.333333,0,1,1,1,1,1,0,0,0,0,0,1
81.00908708,81.522484,81.92931953,80.71849372,79.35789353,0.92776204,0.933962264,2488.333333,1,0,0,0,0,0,1,1,1,1,1,1
81.64840211,82.558945,82.69455748,81.48373174,97.00214622,0.991261842,0.986864772,2436.666667,1,1,1,0,1,1,0,0,0,0,0,1
82.63643775,82.89798,83.35325147,82.41364968,91.21495471,0.97326996,1.001645475,2386.666667,1,0,0,0,0,0,0,1,1,1,1,1
83.0529717,82.675194,83.30482543,82.50083506,86.91601393,0.9682651,0.984329744,2318.333333,0,0,1,0,1,0,0,0,0,0,0,0
82.75267995,82.035873,83.17889354,81.88088439,74.57949763,1.002516967,1.002997827,2370,0,1,0,0,1,1,1,1,1,1,1,0
82.58802219,84.128189,84.36066566,82.21992624,96.24417366,1.37037337,1.297628938,2336.666667,1,1,1,1,1,1,0,0,0,0,0,1
84.3897197,83.672905,84.75780785,83.52761171,83.52939318,0.938812601,0.878385187,2330,0,0,1,0,0,0,1,1,1,1,1,0
83.64384365,83.140144,83.64384365,82.5976892,75.44120631,0.856944558,0.806532181,2311.666667,0,0,0,0,0,0,0,0,0,0,0,0
83.49854827,82.839859,83.59542015,82.05524578,70.88238688,0.906532909,1.00338524,2343.333333,0,1,0,0,1,1,1,1,1,1,1,0
83.35325428,82.820488,83.40168247,82.72362387,70.58830329,0.877989644,0.992413099,2380,0,0,0,0,0,0,0,0,0,0,0,0
82.72361733,82.83017,82.94640443,82.25865637,69.47842305,0.778215728,0.81241114,2343.333333,1,0,0,0,0,0,1,1,1,1,1,0
82.63641869,82.723602,82.84952495,82.36519474,65.40338893,0.912403218,0.973104255,2428.888889,0,1,0,0,1,1,1,1,1,1,0,1
82.96579426,83.023911,83.28545327,82.54926918,67.45465312,0.916080613,1.013352685,2446.666667,1,0,0,0,0,1,1,1,0,1,1,1
83.20794487,83.033585,83.23700275,82.86891464,57.31396978,1.019401602,1.035523159,2548.333333,1,1,1,0,1,1,1,1,0,1,0,0
82.94640558,82.85923,83.35324885,82.82048261,42.01179852,0.978055889,0.963772877,2565,0,0,0,0,0,0,0,0,0,0,1,1
83.43073691,83.256378,83.60509679,82.82048362,47.81126893,1.041470049,1.03114694,2553.333333,1,1,1,1,1,1,0,0,0,0,0,0
83.36293341,83.643845,83.79883458,83.27575686,61.27937142,1.04702848,1.041579474,2543.333333,1,1,1,1,1,1,0,1,1,1,1,1
83.87631963,84.380028,84.91279425,83.85695029,82.42803137,1.016009519,0.995231788,2531.111111,1,0,1,1,0,0,1,1,1,1,0,1
84.91278983,85.426178,85.63928526,84.68999403,94.0539923,1.073064224,1.041971904,2470,1,1,1,1,1,1,0,0,0,0,0,1
85.43586421,85.513359,85.80396009,84.85466881,92.24797973,1.031274231,1.016387875,2420,1,0,1,1,0,0,1,1,1,1,1,1
85.87176302,85.455238,85.94925684,85.10652019,87.3133684,1.060981155,1.031096563,2421.666667,0,1,1,1,1,1,1,1,1,1,1,0
85.1065274,85.06778,85.42618639,84.670633,77.36326825,1.15271624,1.106650227,3000,0,1,1,1,1,1,1,1,1,1,1,1
85.36806119,85.319633,85.36806119,84.50595417,82.93979956,1.08602596,1.032905297,3080,1,0,1,1,0,0,0,0,0,0,0,1
85.8911376,86.791992,86.96635189,85.67803129,96.29627947,1,0.952763819,3236.666667,1,0,1,1,0,0,1,1,1,1,1,1
87.27631703,85.581161,87.94469574,85.25182027,57.63895841,1.012931034,1.005018547,3430,0,1,0,1,1,1,1,0,1,0,0,0
86.2882857,87.315063,87.45067548,85.96862577,88.33025095,0.977605139,0.998522349,3600,1,0,0,1,0,0,1,0,0,0,0,1
86.98572765,87.276321,87.82845756,86.85011613,86.95653903,0.976813894,0.981761796,3741.666667,0,0,1,0,0,0,1,0,0,0,0,1
87.31507052,87.179459,87.77034297,86.85011825,85.06625856,0.909711788,0.926931106,3355,0,0,0,0,0,0,0,0,0,0,1,0
87.17946133,88.739006,88.74869454,86.92760762,99.83656884,1.096719633,1.106918239,3418.333333,1,1,1,1,1,1,0,0,1,0,0,1
89.01992,89.01992,89.40738525,88.67120118,93.68087524,1.002998702,1.002983739,3393.333333,1,0,1,0,0,0,0,0,1,0,0,1
89.64954618,88.942421,90.50196465,88.70994438,76.53062032,0.980440759,0.948550251,3366.666667,0,0,1,0,0,0,0,0,1,0,0,0
89.57204351,89.436432,90.31790924,89.04896584,82.22930643,0.975294651,0.982719245,3355,1,0,0,0,0,0,1,1,1,1,1,1
90.20167689,91.112213,91.112213,89.6785992,100,0.884068538,0.928674007,3355,1,0,0,0,0,0,1,1,1,1,1,1
92.15836789,90.976601,92.45865074,90.78287179,81.36418602,1.085936422,1.097566646,3388.333333,0,1,1,1,1,1,1,1,1,1,1,0
90.37604281,89.833588,90.72476162,89.21364518,66.99153908,0.981976528,0.986971446,3386.666667,0,0,0,0,0,0,0,0,0,0,0,1
90.81194058,92.032455,92.41023267,90.57946395,94.64086508,1.031845362,0.997460792,3296.666667,1,1,1,1,1,1,0,0,0,0,0,1
91.81933513,91.305946,93.05921967,90.64725682,77.54343564,1.182919282,1.145139434,3160,0,1,1,1,1,1,0,0,1,0,0,0
90.70537976,88.903671,91.0250397,88.63244699,46.77422712,1.012510106,0.980361189,3133.333333,0,0,1,1,0,0,1,1,1,1,1,0
87.72190323,85.242134,90.31791368,85.242134,0,0.863253888,0.837990021,3133.333333,0,0,0,0,0,0,1,1,0,1,1,0
84.16692472,88.467781,88.61308107,82.57832218,56.19231391,0.958098237,1.006432346,3088.333333,1,1,0,0,1,1,1,0,0,0,1,1
87.65410754,86.801689,88.8939923,86.40453423,40.29585082,0.978199135,1.051338238,3046.666667,0,1,0,1,1,1,0,0,0,0,1,0
86.89855038,82.345848,87.06322076,82.10368283,2.210436406,0.927878141,0.932555426,3151.666667,0,0,1,0,0,0,1,1,1,1,1,0
83.59541004,85.416489,86.14298443,81.20281746,35.53920882,0.930418749,0.93468194,3243.333333,1,0,0,0,0,1,0,0,0,0,0,1
85.95893137,86.336708,86.96633927,85.1743183,43.30057676,0.968988504,1.016296546,3246.666667,1,1,0,0,1,1,1,1,1,1,1,1
86.14298158,87.014778,87.17944835,85.04839808,49.01959664,1.000147044,1.026408451,3220,1,1,1,0,1,1,1,1,1,1,1,0
86.13889297,88.377274,88.55245195,86.04157383,60.51124458,1.030313606,1.014150172,3150,1,1,1,1,1,1,0,0,0,0,0,1
88.76656631,90.177727,90.23611674,88.19237577,75.6967365,1.026078781,1.006471968,3155,1,1,1,1,0,0,0,1,1,1,0,1
89.97333494,89.535393,90.99520919,89.34075376,70.2791234,1.070228495,1.050082424,3135,0,1,1,1,1,1,1,1,1,1,1,0
89.02933544,90.236115,90.56700378,88.57192535,76.18919618,0.978577918,0.96692653,3140,1,0,0,0,0,0,0,0,0,0,0,1
90.4891521,89.039063,90.8589703,89.039063,66.09294625,0.955401769,0.95210728,3393.333333,0,0,0,0,0,0,1,1,1,1,1,0
89.58407151,89.272644,90.24585496,88.912554,82.15886733,0.979214892,1.004369332,3635,1,1,0,0,1,1,1,0,0,1,1,1
91.09253799,91.540215,91.54994906,89.8857594,99.90592508,0.94202544,0.971820323,3950,1,0,0,0,0,0,1,0,0,1,0,1
91.87110583,92.863777,92.89297235,91.72512226,99.75025693,1.012326579,1.016876932,4226.666667,1,1,1,1,1,1,1,0,1,1,0,1
93.17519858,91.676453,93.27251771,91.676453,86.77626884,0.989889845,0.996960486,4443.333333,0,0,0,0,0,0,1,0,0,0,1,0
92.29930757,91.257973,93.14600388,91.12172349,83.3090742,1.501627661,1.381983806,4833.333333,0,1,1,1,1,1,1,1,1,1,0,0
91.47207726,90.362617,92.03654145,89.37967219,75.8908618,0.965295185,0.879908076,4835,0,0,1,0,0,0,0,0,0,0,0,0
89.12664518,90.557266,90.6545861,88.42593245,66.98428727,0.826589345,0.758237396,4781.666667,1,0,0,0,0,0,0,0,0,0,0,1
89.86628499,91.131462,91.74458288,89.78843396,73.96614095,0.863910721,0.97317789,4810,1,1,0,0,1,1,1,1,1,1,1,1
91.81270919,90.820038,91.95869277,90.45021982,66.08354656,0.898741247,1.047483936,4918.333333,0,1,0,0,1,1,1,1,1,1,1,0
90.66432831,91.345573,91.42343084,89.95388049,62.06907733,1.0148263,1.017406088,4946.666667,1,1,1,0,0,1,0,0,0,0,0,1
91.74458235,91.900299,92.55234831,91.25797693,71.68689628,0.928704496,0.917509534,4891.666667,1,0,0,0,0,0,1,1,1,1,1,1
92.73728218,93.953796,93.953796,92.45505001,100,0.936518391,0.958185745,4941.666667,1,1,0,0,0,1,1,1,1,0,1,1
93.91484101,94.177605,94.60581969,93.46716502,93.07083324,1.046809151,1.083052167,5031.666667,1,1,0,1,1,1,0,0,0,0,0,1
94.40144809,91.880836,94.63501674,91.45262033,55.64272268,1.029649052,1.024928894,4965,0,0,1,1,0,0,0,0,0,0,0,0
92.57182067,91.335838,92.85405279,90.99521614,46.86529313,1.065643863,1.017368337,4785,0,1,1,1,1,1,0,0,1,0,1,0
91.02440997,91.656998,92.04628429,90.3431653,52.03771445,0.992525123,0.975589976,4818.333333,1,0,0,0,0,0,1,1,1,1,1,1
92.14360882,92.06575,92.82485354,91.40396658,58.62084299,0.87873945,0.897246303,4710,1,0,0,0,0,0,0,0,0,0,0,0
91.22878628,90.401558,91.38450391,89.64245546,31.81830784,0.996059213,1.031119247,4548.333333,0,1,0,1,1,1,0,0,0,0,0,0
90.55727297,90.635124,91.25797895,90.50860951,35.57998974,1.010514019,1.043352854,4435,1,1,0,1,0,1,0,1,1,1,1,0
90.44048999,90.002548,91.53048913,89.73977716,25.39207845,1.062636971,1.03456831,4481.666667,0,1,1,1,1,1,1,1,1,1,1,0
88.82495319,87.384605,89.29209733,87.25809051,1.715002828,0.99286411,0.965632021,4483.333333,0,0,0,0,0,0,0,0,0,0,0,0
87.10237733,84.844528,88.03665884,84.74720885,0.984233783,0.963581184,0.964719784,4411.666667,0,0,0,0,0,0,1,1,1,1,1,1
88.1826462,91.267723,91.48183038,87.97827287,65.94499227,1.020967418,1.037822642,4275,1,1,0,1,1,1,0,0,0,0,0,1
92.39665413,87.073189,92.59129341,86.13890741,23.52371904,1.090386317,1.081491713,4400,0,1,1,1,1,1,1,1,1,1,1,0
87.41380467,86.995323,88.78603498,86.48925722,22.73622396,0.955191038,0.930345835,4438.333333,0,0,1,0,0,0,1,0,0,0,0,1
87.7641541,88.824951,89.81762996,86.03184074,41.24010289,0.9350741,0.930057659,4273.333333,1,0,0,0,0,0,0,0,0,0,0,1
88.04639319,86.148628,88.44540578,85.16568983,14.17320363,0.952525253,1.001238719,4395,0,1,0,0,1,1,1,1,1,1,1,0
87.18023251,87.306747,87.63764259,85.5355032,31.57255974,0.995165394,1.029842886,5226.666667,1,1,1,1,1,1,1,1,1,1,1,0
85.49657149,89.85656,90.27504067,85.37979105,63.25298212,1.391774584,1.299092318,5456.666667,1,1,1,1,1,1,0,0,0,0,0,1
89.96360951,89.905212,90.57673038,88.95147027,63.8552864,0.939352592,0.869808307,5450,1,0,1,0,0,0,0,0,0,0,1,0
89.03905374,87.812813,89.98306918,87.0829049,39.08173251,0.897675724,0.840656934,5466.666667,0,0,0,0,0,0,0,0,1,0,1,0
88.60111883,88.338348,90.67405507,88.19237221,45.78149455,0.944221823,1.030841435,5556.666667,1,1,0,0,1,1,0,0,0,0,0,1
89.91495858,90.39183,90.78111633,89.18505037,71.96022815,0.940892092,1.02594281,5498.333333,1,1,1,0,1,0,0,1,1,1,0,0
89.5451296,89.399147,90.79083847,89.02932883,59.30504841,1.011227582,0.993169066,4743.333333,0,0,1,0,0,1,1,1,1,1,1,1
89.95387957,91.073074,91.63753824,89.95387957,80.64504018,0.996625813,0.986654659,4666.666667,1,0,0,0,0,0,0,0,0,0,0,1
91.53049461,90.586479,91.65700912,89.96362398,73.0013272,0.931467904,0.947729003,4635,0,0,0,0,0,0,0,1,1,1,1,1
91.54995085,91.64727,92.12414919,90.91736181,87.28691339,0.993518891,1.013496199,4670,1,1,0,0,1,1,1,1,1,1,1,1
92.45504028,93.496376,93.95378612,92.33825205,94.79511711,1.006176277,1.022288898,4630,1,1,0,1,1,1,0,0,0,0,0,1
93.64234565,93.856453,94.12895106,92.96109418,96.95983361,1.017775521,1.007203887,4625,1,1,1,1,1,1,1,1,1,1,1,1
93.85645455,93.535294,94.46957543,92.78591679,89.95815871,1.063840474,1.040019642,4625,0,1,1,1,1,1,1,1,1,1,1,0
93.34065778,92.455032,93.53529703,91.5304846,77.83728038,0.910906609,0.912382882,4648.333333,0,0,0,0,0,0,0,0,0,0,0,0
93.17520624,92.795654,93.71047513,92.0949412,81.58458599,1.007570023,1.012423935,4646.666667,1,1,0,1,1,1,0,0,0,0,0,1
93.66180998,90.625397,93.88565139,89.93441827,47.95790047,1.012686905,1.038729667,4671.666667,0,1,0,1,1,1,1,1,1,1,1,0
90.80058875,89.837105,90.80058875,87.86148765,37.28608293,1.050665072,1.034330554,4688.333333,0,1,1,1,1,1,0,0,0,0,0,1
91.04387727,91.734856,92.60101365,90.60592753,58.6155705,0.936313251,0.920689655,4691.666667,1,0,0,0,0,0,1,1,1,1,1,1
94.98537228,93.253059,95.27733941,91.39423026,72.70333228,0.868536052,0.893896127,4533.333333,1,0,0,0,0,0,0,0,0,0,0,0
93.74939821,91.014671,93.81752297,90.65458787,42.51950347,0.937199872,1.003618703,4508.333333,0,1,0,0,1,1,1,1,1,1,1,0
90.71298358,92.455032,92.73726412,90.30423697,61.9422353,0.982367071,1.03310688,4571.666667,1,1,0,0,1,1,1,1,1,1,1,1
92.4452992,91.004951,92.62047716,90.69352352,42.38843289,1.050198891,1.035540006,4570,0,1,1,1,1,1,1,0,0,1,1,0
90.46968492,91.54995,92.38691138,89.97334541,49.7375415,1.067353495,1.032137118,4601.666667,1,1,1,1,1,1,0,0,0,0,0,1
90.82002929,92.610741,92.81511429,90.43074303,64.04191319,0.953638014,0.939752507,4593.333333,1,0,0,0,0,0,1,1,1,1,1,1
92.6204826,93.642357,94.11922841,92.55235783,77.95287087,0.992460252,0.994888179,4620,1,1,0,0,1,1,0,0,0,0,0,1
93.28226044,93.243332,93.58396165,92.51342384,72.57216731,1.102009437,1.107745603,4581.666667,0,1,1,1,1,1,0,1,1,1,0,1
93.4379769,94.343063,94.37225835,92.50369544,87.4016304,1.032346146,1.006312916,4551.666667,1,0,1,1,0,0,1,1,1,1,1,1
94.84914418,95.287094,95.32601563,94.45013156,99.47857885,1.159680437,1.085594825,4515,1,1,1,1,1,1,1,0,0,0,1,1
95.18002192,95.082695,95.24814668,94.44037975,96.74030791,0.974279226,0.949863629,4611.666667,0,0,0,0,0,0,1,1,0,1,0,1
95.29679984,95.403854,96.04617605,94.70314125,92.15215023,0.946202995,0.937651039,4666.666667,1,0,0,0,0,0,1,0,0,1,1,0
94.63501619,94.712875,95.22867478,93.75912452,78.0448175,1.008887587,1.036541517,5868.333333,0,1,0,1,1,1,1,1,1,1,1,1
95.16251216,94.957253,95.20161031,94.43921648,82.06893763,0.945601568,0.975233763,6058.333333,1,0,0,0,0,0,0,0,0,0,0,0
94.57605089,94.00914,95.33844468,93.66704174,66.45656415,1.110264103,1.083080122,6168.333333,0,1,1,1,1,1,0,1,0,1,1,0
93.84297477,94.185074,94.74220764,93.84297477,69.3536316,0.972372431,0.962530414,6243.333333,1,0,0,0,0,0,0,0,1,0,0,1
94.81063144,95.397087,95.79783688,94.61514854,89.3115898,1.017900339,0.995662118,6316.666667,1,1,1,1,1,1,0,1,1,1,1,1
95.47528426,95.299347,95.95422261,95.00611531,87.70212618,1.041267714,1.042832028,6450,0,1,0,1,1,1,1,1,1,1,0,0
94.52717521,96.433167,96.50158607,94.1459788,98.87298906,0.921588351,0.930517492,5513.333333,1,0,0,0,0,0,1,0,0,0,1,1
96.50158916,96.091064,96.70684831,94.62492018,85.34946663,0.884187755,0.900281738,5573.333333,0,0,0,0,0,0,1,0,0,0,0,0
96.08128721,96.139931,96.74593902,95.65121643,85.7149169,0.907618754,0.972370112,5623.333333,1,1,0,0,0,1,1,0,0,0,1,0
95.63166717,95.797836,96.6481945,95.03544222,77.65090564,1.024825284,1.074161808,5646.666667,0,1,1,1,1,1,0,0,0,0,0,1
96.09105236,96.716606,97.00983766,95.70008658,91.22795207,1.034879367,1.024448367,5751.666667,1,0,1,1,0,1,1,1,1,1,1,1
97.048941,96.609093,97.73313847,96.38428918,72.35566326,1.034777499,0.995630943,5745,0,1,1,1,0,0,0,0,0,0,0,0
97.03915616,98.515076,98.58349603,96.93163799,98.60834597,0.96432553,0.95806962,5688.333333,1,0,0,0,0,0,0,0,0,0,0,1
98.97447198,99.375214,99.56092846,98.57372214,96.84903242,1.233759843,1.201341746,5376.666667,1,1,1,1,1,1,0,0,0,0,0,1
99.6977785,99.883492,100.0203321,99.2383858,97.84615403,1.142621793,1.078729077,5130,1,0,1,1,0,0,0,1,1,1,1,1
100.1669346,100.176704,100.2842212,99.60002476,98.37518086,1.034687357,0.944386586,5071.666667,1,0,1,1,0,0,1,1,1,1,1,1
100.3331126,98.603058,100.3722098,98.11434338,72.90414894,0.908534096,0.897043452,4998.333333,0,0,0,0,0,0,1,1,0,1,1,0
98.80830828,99.336121,99.64889833,98.27072714,83.35929395,0.865786282,0.933112797,4973.333333,1,0,0,0,0,0,1,0,0,0,1,0
98.73011986,98.769218,99.2970229,98.39779004,74.25421898,0.921065078,0.994045087,4893.333333,0,1,0,0,1,1,0,0,0,0,1,1
98.81807789,99.023338,99.16017709,98.47597967,78.33566087,1.030751986,1.059265442,5155,1,1,1,1,1,1,1,1,1,1,1,1
99.42408925,98.573723,99.70754467,98.29026856,68.70721824,0.919904028,0.921817717,5305,0,0,0,0,0,0,0,0,0,0,0,0
99.35567962,99.130867,99.72709979,98.72034869,76.73980029,0.949893446,0.954391157,5375,1,1,0,0,1,1,1,1,1,1,0,0
99.21882903,97.869972,99.23837468,97.81132919,53.1132327,0.869179958,0.925209604,5356.666667,0,0,0,0,0,0,1,1,1,1,1,0
97.75269021,98.583504,98.82786128,97.17600311,61.71535477,0.972981842,1.021435407,5320,1,1,0,0,1,1,1,0,0,0,1,0
97.40081572,98.583504,98.7203431,97.25419939,55.14690561,1.093941078,1.100363433,5390,0,1,1,1,1,1,1,1,1,1,0,1
99.08199443,99.570709,100.2060321,98.83763715,76.70443048,1.025527683,0.993753346,5385,1,0,1,0,0,0,1,1,1,1,1,1
99.77597135,98.857185,100.1473915,98.60305146,52.59928584,1.082085503,1.028357824,5403.333333,0,1,1,1,1,1,0,0,0,0,0,0
98.143669,98.143669,98.49553667,97.38126739,30.27544796,0.896791964,0.903919434,5510,0,0,0,0,0,0,1,1,1,1,1,0
97.74291186,96.16925,97.85043004,95.10385617,20.22251931,0.9647135,0.985485945,5526.666667,0,1,0,0,1,1,1,0,0,0,0,0
96.58954747,96.843681,97.82111014,96.52112743,33.02407076,1.005582006,1.042849035,5674.166667,1,1,0,1,1,1,1,1,1,1,1,1
97.33239644,95.33844,97.76246038,95.2016009,4.597721325,1.02375751,1.022454545,5929.166667,0,1,1,1,1,1,1,1,1,1,1,0
95.1820446,96.403831,96.87300089,95.064758,26.04554794,0.962503524,0.945008304,6057.5,1,0,0,0,0,0,1,0,0,0,0,1
96.69706134,96.384285,97.65494577,96.11060583,25.6653698,0.908368343,0.926372672,6384.166667,0,0,0,0,0,0,1,1,1,1,1,0
95.88579251,97.752686,97.80155355,95.78805156,52.28135991,0.995778424,1.036417615,6560.833333,1,1,0,1,1,1,1,0,0,0,1,1
98.21209281,96.814369,98.35870133,96.70685081,34.03068924,1.078464674,1.088467765,6657.5,0,1,1,1,1,1,0,0,0,0,0,0
97.25420545,97.508339,97.66472376,96.79481275,47.52870529,1.081606218,1.034194938,6701.666667,1,1,1,1,1,1,0,1,1,1,0,1
97.63540005,98.87674,99.14064197,97.42036465,74.14469539,0.890544413,0.866623292,6661.666667,1,0,0,0,0,0,1,1,1,1,1,1
99.35567308,99.551155,99.94212861,98.96469948,87.26235825,0.967741935,0.989487897,6701.666667,1,1,0,0,1,1,0,0,0,0,0,1
99.69777657,99.815071,100.1962674,99.56093746,92.39563836,1.181049343,1.20544305,6425,1,1,1,1,1,1,0,0,0,0,0,0
98.86695587,99.678223,100.0300906,98.8180805,89.90463892,0.951596971,0.922913155,6238.333333,0,0,1,0,0,0,0,1,1,1,1,1
100.4503789,101.838333,102.0533693,100.4112876,96.9230462,0.985876179,0.930698287,6316.666667,1,1,1,0,1,1,1,1,1,1,1,1
102.01429,103.050362,103.216523,101.7406029,97.96165602,1.058306709,1.086560364,6198.333333,1,1,0,1,1,1,0,0,0,0,0,1
103.0210293,102.542091,103.4315476,102.1608868,89.36920112,0.911413969,0.939712744,6000,0,0,0,0,0,0,0,0,0,0,0,0
102.2488579,103.558609,104.0961979,101.9654025,94.04758339,1.356343945,1.260286856,5838.333333,1,1,1,1,1,1,0,1,1,0,1,1
103.5488439,102.747353,103.6563621,102.3563794,85.0650069,0.949729004,0.909235163,5760,0,0,0,0,0,0,0,0,0,0,0,0
102.5616375,102.043602,102.9330586,101.5451102,75.29417708,1.038849333,0.964222354,5548.333333,0,1,1,1,1,1,0,0,0,0,0,1
105.6405508,103.871399,105.7578374,103.6856923,81.07844635,0.814940996,0.863458017,5261.666667,1,0,0,0,0,0,0,1,1,1,1,0
103.9007232,105.533028,105.699189,103.7345544,97.51618931,0.898367049,0.975562417,5360,1,1,0,0,1,1,1,1,1,1,1,1
106.1194826,105.230026,106.3638399,104.8390524,88.15121031,1.056671524,1.102733526,5450,0,1,0,1,1,1,1,0,0,0,0,0
105.5232436,108.328468,108.6412453,105.1713681,97.21254224,0.964985848,0.966488757,5591.666667,1,0,1,0,0,0,1,1,0,1,1,1
108.2404977,107.145782,108.4946312,107.0284876,84.77615577,1.003581312,0.969847929,5646.666667,0,1,1,0,1,1,0,0,0,0,0,0
107.6931377,105.249565,107.6931377,103.7443232,65.47263153,0.897380268,0.928624883,6045,0,0,0,0,0,0,1,1,1,1,1,0
104.7706341,102.991714,105.1029571,102.3954812,42.48766646,0.976048884,1.013980729,6408.333333,0,1,0,0,1,1,1,0,0,1,0,0
104.086426,103.685684,104.3112377,103.0014787,39.78630903,1.020083682,1.040496965,6480,1,1,0,1,1,1,1,0,0,0,1,0
103.6367997,103.881157,104.047318,103.0405671,32.91998747,1.04800222,1.028968398,6600,1,1,1,1,1,1,1,0,1,0,0,0
103.0210396,105.142059,105.6503183,102.4736734,50.6888431,0.965688208,0.946786964,6563.333333,1,0,0,0,0,0,0,0,0,0,1,1
105.366867,105.601448,105.6112242,104.4089834,57.16263474,0.925507901,0.938483548,6500,1,0,0,0,0,0,0,0,0,0,0,1
105.6796386,105.689407,105.9728624,105.1322734,58.40216864,1.031986532,1.062391681,6245,1,1,0,1,1,1,0,1,1,1,1,1
106.1097086,106.422485,106.6375204,105.7285113,68.73283442,1.211480847,1.182815356,6071.666667,1,1,1,1,1,1,1,1,1,1,1,1
106.8623382,107.018723,107.2728566,106.3052036,74.02203655,0.97587956,0.917709743,5948.333333,1,0,1,0,0,0,1,1,0,0,1,1
107.2337471,107.194649,107.6735951,107.126229,76.83876158,0.963440056,0.920347204,5941.666667,1,0,0,0,1,0,1,1,1,1,1,0
106.9502903,106.539772,107.2142,105.933763,66.3536233,0.896979045,0.955073148,5770,0,0,0,0,0,0,0,0,0,0,0,0
106.7743671,105.767616,107.106697,105.6600978,53.99074839,0.989818105,1.045560639,6038.333333,0,1,1,1,1,1,1,1,1,1,1,0
106.1096989,107.087128,107.2728415,105.6014387,76.92296077,0.923291413,0.940488842,6225,1,0,0,0,0,0,1,0,0,1,0,1
106.4493613,105.634979,106.9399566,104.810775,61.14963784,0.978097983,0.98168145,6126.666667,0,1,1,0,1,1,0,0,0,0,0,0
106.2629538,105.615364,106.8124186,105.2817631,61.00441995,0.927648732,0.961412487,6141.666667,0,0,0,0,0,0,1,1,1,1,1,0
105.3406251,105.556488,105.870469,104.6832284,59.28578871,0.956217058,0.985696645,6086.666667,0,1,0,0,1,1,1,1,1,1,1,1
105.487801,104.85984,105.8704653,104.4771757,45.88851019,1.194963015,1.174891775,6250,0,1,1,1,1,1,0,0,0,0,0,0
104.9088942,103.98658,105.3308062,103.8590203,29.09479596,0.924031924,0.902598653,6001.666667,0,0,0,0,0,0,0,0,0,0,0,0
103.8590164,105.046257,105.3209884,103.7903341,32.34196452,0.989499911,0.950156651,5886.666667,1,1,1,0,1,1,1,1,1,1,1,1
105.1345658,105.53685,106.1451901,104.8598334,44.97549586,0.920466029,0.971963595,5928.333333,1,0,0,0,0,0,0,0,0,0,0,1
105.644788,106.361061,106.5180476,105.536857,66.20020859,0.898037799,0.950621217,5885,1,0,0,0,0,0,1,1,0,1,1,1
107.2146891,107.538483,107.5777316,106.4689892,96.52065289,1.040469727,1.054495041,5745,1,1,0,1,1,1,0,0,0,0,0,1
107.872085,108.186066,108.4215498,107.7249055,94.91529279,1.06067179,1.058332474,5716.666667,1,1,1,1,1,1,1,1,1,1,1,1
108.3724948,109.912964,109.9227779,108.1958805,99.83996807,1.179560649,1.111048636,5728.333333,1,1,1,1,1,1,0,0,0,0,0,1
109.5695516,109.844284,110.4918737,109.3438817,90.33670242,1.082003902,1.014982954,5616.666667,0,0,1,1,0,0,0,1,1,1,1,1
109.5891711,110.217133,110.6586658,109.4223638,93.57146961,0.893659369,0.867752623,5695,1,0,0,0,0,0,1,1,1,1,1,0
108.7649701,109.608795,109.8540926,108.146823,84.71432603,1.140194489,1.137224966,5623.333333,0,1,1,1,1,1,0,0,0,0,0,1
108.9219682,106.449364,109.3242524,106.0666997,38.71434905,0.934299881,0.960299141,5818.333333,0,0,0,0,0,0,1,1,1,1,1,0
106.2138826,106.694664,106.9399617,105.4878035,42.28581314,0.963175937,0.935553169,5861.666667,1,1,1,0,1,1,1,0,0,0,1,0
106.1942647,106.174637,106.6750462,105.2130741,34.71444031,0.950724146,0.977792863,6043.333333,0,0,0,0,0,0,1,1,0,1,1,1
106.7927731,107.322617,107.5777285,106.3218066,51.42854281,0.972453165,1.016708518,6215,1,1,1,1,1,1,1,0,1,1,0,1
106.8516618,109.147644,109.4910588,106.841847,78.00016282,0.961605891,0.971656333,6128.333333,1,0,0,0,0,0,0,0,0,0,1,1
109.3340626,109.608795,109.7461607,108.4313693,81.8951346,1.096744665,1.081624976,6236.666667,1,1,1,1,1,1,1,1,1,1,0,1
110.0110905,110.786232,111.5908073,110.0110905,87.38461976,1.045493077,1.025404157,6158.333333,1,0,1,1,0,0,1,1,1,1,1,1
111.2277731,111.237587,111.5908156,110.3250787,94.46154046,0.953362317,0.92851251,6016.666667,1,0,1,0,0,0,0,0,0,0,0,1
111.5515563,110.030708,111.5613633,109.7559766,75.538243,1.059378468,1.051307939,5868.333333,0,1,0,1,1,1,0,1,1,1,1,0
110.0797706,111.080582,111.5613634,109.61861,91.99977559,1.194843443,1.173857868,5748.333333,1,1,1,1,1,1,0,1,1,1,1,1
110.9236042,109.598991,111.1885228,108.9514091,68.76912264,1.049684382,0.98448317,5705,0,0,1,1,0,0,0,0,0,0,0,0
110.1680861,111.433823,111.6594998,109.8246703,96.49919497,0.975972944,0.919546607,5658.333333,1,0,1,0,0,0,1,1,1,1,1,1
111.8557205,112.110832,113.1214573,111.3749391,87.22083585,0.851466653,0.890443506,5658.333333,1,0,0,0,0,0,1,1,1,1,1,0
110.9039714,112.513123,112.7388008,110.109209,92.30772898,0.919091373,0.996494788,5536.666667,1,1,0,0,1,1,0,0,0,0,0,1
112.6406866,112.297264,112.9350389,111.6104335,89.57823301,1.003578486,1.050503168,5550,0,1,0,1,1,1,1,1,1,1,1,0
112.3168864,111.836105,112.8957859,111.6006144,83.74696522,0.952143293,0.954507551,5588.333333,0,0,1,0,0,0,1,1,1,1,1,1
112.6210616,112.258026,112.7486213,112.0519691,87.30182908,1.079375623,1.054814281,5675,1,1,1,1,1,1,1,1,0,1,0,0
112.0421577,112.218773,112.4150082,111.5417485,85.62515464,0.897643511,0.914304673,5675,0,0,0,0,0,0,1,0,0,0,0,1
112.5916072,113.435432,113.5041144,112.5719863,98.64605157,0.955961332,0.966561875,5566.666667,1,1,0,0,1,1,0,0,0,0,1,1
113.1312796,112.9841,113.6611156,112.2874547,85.62509944,1.012422716,1.047069272,5706.666667,0,1,0,1,1,1,0,0,1,0,0,1
113.2490207,113.003723,113.9947275,112.7682392,80.35015,1.06912778,1.066598361,5566.666667,1,1,1,1,1,1,0,0,0,0,0,0
112.4542549,110.668488,112.6014345,109.530303,34.046609,0.962317666,0.934076224,5520,0,0,0,0,0,0,1,1,1,1,1,0
110.5114923,110.020897,111.0413362,108.558925,26.8952377,0.895796848,0.901674665,5510,0,0,0,0,0,0,1,1,1,1,1,0
109.5597392,108.764969,109.9227748,107.2833693,22.07600361,1.033925687,1.077570655,5571.666667,0,1,0,1,1,1,1,1,0,1,1,0
109.0495166,110.148453,110.9530293,108.7159158,42.69007255,1.05586688,1.070848637,5568.333333,1,1,1,1,1,1,0,0,0,0,0,1
109.1476351,104.163193,109.4027466,103.8001496,3.561142501,1.251850633,1.15663261,5560,0,1,1,1,1,1,0,0,0,0,1,0
103.3684194,103.917892,106.8810834,102.2400493,14.27382899,0.917428681,0.865891473,5610,0,0,0,0,0,0,0,0,1,0,0,1
106.9595912,107.509056,109.1476424,105.1051419,44.82476328,0.921292816,0.907216495,5715,1,1,0,0,1,1,1,1,1,1,1,0
106.8614766,105.576111,107.4207543,104.9383361,28.38071459,0.917824577,0.998130841,5715,0,0,0,0,0,0,1,0,0,0,0,1
107.4796108,108.912148,109.31444,106.9007045,56.7612194,1.04579374,1.091316527,5611.666667,1,1,1,1,1,1,0,0,0,0,1,1
109.5793578,108.627602,109.7069106,107.4894249,54.34051509,1.045615614,1.014368861,5535,0,0,1,1,0,0,0,0,0,0,0,0
108.029086,106.459183,108.450999,105.8017872,35.89322993,0.933483653,0.909390445,5678.333333,0,0,0,0,0,0,1,1,1,1,1,0
106.8810825,106.616165,108.7747812,106.1746244,37.22871524,0.888742026,0.916625506,5835,1,0,0,0,0,0,1,0,0,0,0,1
107.2637509,107.567917,108.4608043,106.2040631,45.3255086,1.003022182,1.06358964,5731.666667,1,1,0,1,1,1,0,0,0,0,0,0
105.7429021,106.066696,106.9203347,103.1329392,36.93180611,1.066835823,1.076520221,5726.666667,0,1,1,1,1,1,1,1,1,1,1,1
106.3708788,100.395424,106.4493681,99.67915092,6.304008068,1.089165758,1.033599709,5520,0,1,1,1,1,1,0,0,0,0,0,0
104.5458555,106.262939,107.2146879,104.1533783,58.39860858,1.156256813,1.084519042,5585,1,1,1,1,1,1,1,1,1,1,1,0
103.7020339,104.948143,106.7044751,102.7895267,46.73628651,0.873681363,0.860033727,5341.666667,0,0,0,0,0,0,0,0,0,0,0,1
106.0765117,101.896637,106.6554102,99.71839299,22.11347448,0.934868814,0.946037563,5736.666667,0,1,0,0,1,1,1,1,1,1,1,0
101.7102176,101.7789,102.416668,98.2269882,30.94020741,0.965051846,1.035721295,5770,0,1,0,0,1,1,0,0,0,0,0,1
103.4567368,104.800964,106.1059485,103.4076744,57.26498466,0.978993704,1.006492267,5773.333333,1,0,1,0,1,1,0,1,0,1,1,1
105.0364462,103.927696,105.3013647,103.5450327,49.65806913,0.98217427,0.968021576,6145,0,0,0,0,0,1,1,1,1,1,0,0
104.477173,104.163193,105.3013701,103.0053872,51.70945059,0.942471382,0.956129032,6180,1,0,0,0,0,0,0,0,0,0,0,0
104.3692368,105.487793,105.7134629,103.9080763,63.24785612,1.008398426,1.030715358,6430,1,1,0,1,1,1,1,1,1,1,0,1
105.3602393,105.693848,106.7927765,104.2809316,70.7907314,1.052077854,1.054172767,6036.666667,1,1,1,1,1,1,0,0,0,0,1,1
107.3814977,109.854095,110.1288274,107.3422501,97.69168131,1.025318676,0.998102647,6095,1,0,1,1,0,0,1,1,1,1,1,1
109.6971105,109.648048,110.0993947,108.8238518,95.96046148,1.083836428,1.046275085,6083.333333,0,1,1,1,1,1,0,0,0,0,0,0
108.764978,107.509056,109.3536914,106.7142936,77.98851641,0.870891613,0.878034626,6083.333333,0,0,0,0,0,0,1,1,1,1,1,0
107.3618711,104.85984,107.891715,104.1043183,55.72963725,1.123317388,1.114616871,6233.333333,0,1,1,1,1,1,1,0,0,1,0,0
105.5270553,104.928528,106.6946672,104.6341679,56.30675814,1.064703306,1.065267001,6150,1,0,1,1,0,0,0,0,0,0,0,1
106.5249202,103.440529,106.6825928,102.9478143,43.80449712,0.945448552,0.908099551,6118.333333,0,0,1,0,0,0,0,1,1,0,0,0
103.4602317,105.716866,106.2292932,102.3959738,62.93042351,0.955444432,0.950619584,6103.333333,1,0,0,0,1,1,1,1,1,1,1,1
105.5197824,106.712151,107.2935504,105.2438632,71.29287056,0.879497908,0.946278511,6145,1,0,0,0,0,0,1,0,0,0,0,1
106.6924301,103.095619,106.9782056,102.0412096,13.03732953,0.984384037,1.02550713,5980,0,1,0,0,1,1,0,0,0,0,0,0
100.3167196,100.228027,101.4696701,97.90241254,19.02122975,1.003817249,1.017635796,5980,0,0,0,0,0,1,1,1,1,1,1,1
102.0904774,101.60762,102.9083857,100.7502935,30.30493817,1.000240154,0.989507028,6073.333333,1,0,1,0,0,0,1,0,0,0,0,0
100.6813186,101.568207,102.2974228,100.5137976,29.98257875,0.901107057,0.90948814,6040,0,0,0,0,0,0,0,0,0,0,0,1
103.2631496,104.918671,105.0763358,103.0562104,57.38606575,1.044249939,1.064656063,5833.333333,1,1,1,1,1,1,0,0,0,0,0,1
104.7215705,105.578896,105.7661305,103.8248338,62.78605429,1.092711265,1.094809481,5888.333333,1,1,1,1,1,1,1,1,1,1,1,1
106.3179752,109.500916,109.7078552,106.2884142,95.09322321,1.068711295,1.015220842,5813.333333,1,0,1,1,0,0,0,0,0,0,0,1
108.7224251,108.584465,109.5009153,107.441364,90.4841333,1.058387825,1.003933766,5553.333333,0,1,1,1,1,0,0,0,0,0,1,1
109.0870275,109.274261,109.3530973,107.766556,96.32716707,0.933254076,0.934965498,5476.666667,1,0,0,0,0,0,1,1,1,1,1,1
111.3535237,110.456779,111.7674021,109.1166019,90.5472479,1.309974584,1.262118941,5563.333333,1,1,1,1,1,1,1,1,0,1,1,0
110.3089623,106.938789,110.9987599,106.6333079,65.17405892,0.930959075,0.899698088,5790,0,0,0,0,0,0,1,1,0,1,0,0
104.278138,107.599037,107.6483045,103.4700859,69.93603871,0.915810442,0.864780134,5501.666667,1,0,1,0,0,0,0,0,0,0,0,1
106.8008274,103.292702,107.8552368,102.7802817,38.87698175,0.845100787,0.9218107,5660,0,0,0,0,0,0,1,1,1,1,1,0
103.272998,106.022339,106.4066633,102.3762534,58.56424506,0.972493533,1.071553229,5958.333333,1,1,1,1,1,1,1,1,1,1,0,1
108.2001505,107.007774,109.3333884,105.8745361,65.67160707,1.075162475,1.074352941,6071.666667,1,1,1,1,1,1,1,0,0,0,0,1
109.2742632,107.490639,109.6487244,107.4512208,61.99650452,0.996200091,0.957916742,6346.666667,1,0,1,0,0,0,1,1,1,1,1,0
107.9833507,107.85524,109.2545556,107.0471879,65.23636424,1.005537662,0.981612577,6500,1,1,0,0,1,1,1,0,0,0,1,0
106.6727312,104.485077,107.6680169,103.9628004,22.45543839,0.875538183,0.912427433,6925,0,0,0,0,0,0,1,1,0,1,0,0
103.8741098,101.390823,104.2584263,100.2280164,10.07685021,1.050220563,1.075067541,7065,0,1,1,1,1,1,0,0,1,0,0,0
102.2382976,102.455093,102.9872258,101.0262165,19.29978484,0.875096605,0.905939071,7208.333333,1,0,0,0,0,0,1,1,1,1,1,0
102.1397588,102.179176,105.3226908,99.87326727,19.38693955,1.135888502,1.110312204,7088.333333,0,1,1,1,1,1,0,0,0,0,0,0
101.5484992,100.030937,102.7901353,97.34071187,18.64755593,1.115281806,1.091668213,6956.666667,0,1,1,1,1,0,1,1,1,1,1,0
100.1491829,96.798729,101.4992241,96.03994445,4.824584916,1.058743541,0.995906882,6993.333333,0,0,1,1,0,0,1,1,1,1,1,0
96.25673812,92.758461,96.54251361,92.61065251,0.803826549,0.726478299,0.725773596,7135,0,0,0,0,0,0,1,1,0,1,1,0
93.75374599,99.094772,99.22288176,92.59093937,38.12823652,0.818090925,0.91024103,7297.777778,1,1,0,0,1,1,1,0,0,0,0,1
97.85313777,99.705742,99.71559826,94.99539166,41.71000284,0.880742605,1.039876161,7316.666667,1,1,0,0,0,1,1,0,0,0,1,1
100.6024728,98.927246,100.9178181,98.06992054,37.14612777,0.87196468,0.935257122,7625,0,0,1,0,0,0,1,0,0,0,0,0
99.81413777,100.090057,100.9079653,98.97652383,43.96302103,0.935055973,0.942183878,7806.666667,1,0,0,0,0,1,1,1,1,1,0,0
98.09949,99.646614,100.2674315,97.49837714,41.36336933,1.096225019,1.120696179,7926.666667,0,1,1,1,1,1,1,0,0,1,0,1
98.64147528,95.98082,98.73016787,95.7837292,20.34300708,1.408196063,1.3134173,7738.333333,0,1,1,1,1,1,0,0,0,0,0,0
98.26701905,100.444817,101.016368,97.48852885,52.09151193,0.97539135,0.872786626,7648.888889,1,0,1,0,0,0,0,1,1,1,1,1
100.1590426,100.572922,101.7652906,99.50866318,62.69351585,1.01093591,0.923792002,7456.666667,1,1,1,1,1,1,0,0,0,0,0,1
101.5386401,101.302139,102.4550894,100.2280171,68.42106247,1.031712852,1.082393484,7350,1,1,0,1,1,1,0,1,1,1,1,1
102.3466949,102.750717,103.3518289,101.7357257,79.79874293,1.039655172,1.05861699,7106.666667,1,1,1,1,1,1,0,0,0,0,0,0
101.7160248,102.090485,102.2383014,100.8882601,88.27844196,1.145035938,1.06959607,7016.666667,0,1,1,1,1,1,1,1,1,1,1,0
101.6864555,101.302139,101.9328128,100.159037,80.95241193,0.970887587,0.935445581,7100,0,0,0,0,0,0,1,0,0,0,0,0
100.4152566,100.563072,101.3711241,99.7845818,74.0843273,0.9815352,0.972726435,7046.666667,0,1,0,1,1,1,0,0,0,0,1,1
101.0163763,103.47995,103.5193682,100.3955509,99.63930621,1.001381597,1.029740481,6945,1,1,0,1,1,1,0,0,0,0,0,1
103.7263044,103.844551,104.7117338,103.4306726,91.07500729,0.984411406,0.995791246,7050,1,0,1,0,0,0,1,1,1,1,1,0
103.4700851,104.573769,105.0763321,103.2335841,94.59179436,1.028881883,1.012652383,7096.666667,1,1,1,1,1,1,0,0,0,0,0,1
105.8942446,106.140602,106.3278365,104.366834,98.22427314,0.942590498,0.948941824,6718.333333,1,0,0,0,0,0,0,0,0,0,0,0
105.1945844,104.140175,105.5394827,103.3321239,79.25228305,1.103620955,1.094008546,6961.666667,0,1,1,1,1,1,1,1,1,1,1,0
104.5737676,105.155167,105.4803607,103.8051258,88.87843695,1.003955392,0.99690881,7200,1,0,0,0,0,0,1,0,0,0,1,1
105.3029904,104.652603,105.4409495,103.8051327,81.04791004,0.971741162,0.946790465,7518.333333,0,0,1,0,0,0,1,0,0,0,0,1
105.6774471,105.608467,106.3081209,104.6525995,89.45078079,0.958511762,0.972172605,7770,1,0,0,0,0,0,1,1,1,1,1,0
104.7117337,103.548927,104.9285292,103.1350486,57.53016422,0.979800198,1.014973465,7955,0,1,0,1,1,1,0,0,0,0,1,0
103.3518301,101.440102,103.4405226,100.6813174,25.30117297,1.042397905,1.043405521,8385,0,1,1,1,1,1,0,0,0,0,0,0
103.0956291,104.829979,104.829979,102.8098536,77.10837184,1.254389183,1.1869576,8086.666667,1,1,1,1,1,1,0,0,0,0,0,0
102.2875764,102.908394,103.6868842,101.6766072,47.74095343,0.981284252,0.923975659,8078.333333,0,0,1,0,0,0,1,1,1,1,1,0
102.2678624,101.282433,102.5831988,100.8586974,22.8915312,0.892977107,0.861201096,8210,0,0,0,0,0,0,1,1,0,1,0,0
101.3711178,104.199295,104.2584257,101.2725689,64.1193689,0.876404494,0.948708278,8011.666667,1,0,0,0,0,0,0,0,0,0,1,1
104.5146439,105.657745,105.7070125,104.4161019,88.13266132,0.893886044,0.989371125,8013.333333,1,0,0,0,0,1,0,0,1,0,1,1
105.4409445,104.485077,105.4409445,103.9923623,67.36468059,1.004294303,1.030451385,8100,0,1,1,0,1,1,1,1,1,1,1,0
103.6573156,103.736145,104.0514814,102.7704282,54.10107543,1.055578,1.043453456,8193.333333,0,1,1,1,1,1,0,0,0,0,0,0
102.8689763,104.130325,104.2387232,102.7408735,61.29603764,1.037762797,1.009260117,8135,1,0,1,1,0,0,1,1,1,1,1,1
104.652601,103.716446,105.0270691,103.4405267,53.94054702,1.029741863,1.004470395,8046.666667,0,1,1,1,1,0,1,1,1,0,1,0
104.5934779,105.33255,105.5789074,103.9430985,82.66207629,1.122574767,1.093543334,8200,1,1,1,1,1,1,1,1,1,1,1,1
105.9336643,105.253716,106.2095835,105.155174,81.26103215,0.994394797,0.970998279,8321.666667,0,0,1,0,0,0,1,0,0,0,0,0
104.7609997,105.342407,105.7267235,104.1204765,84.31376996,0.939247111,0.922111866,8378.333333,1,0,0,0,0,0,1,0,0,0,1,1
106.3376859,106.643166,106.7220023,105.7956968,98.69491091,1.004009708,1.029112213,8551.666667,1,1,0,1,1,1,1,1,1,1,0,0
106.2194348,106.593895,107.0767613,106.2095785,92.23445887,1.007523118,1.033955857,8676.666667,0,1,1,1,1,1,1,1,1,1,1,1
106.7423449,106.039703,106.8215169,105.1886134,83.32184547,1.081555637,1.050127226,8640,0,1,1,1,1,1,0,0,0,0,0,0
105.79229,108.276283,108.3455567,105.7626018,99.07473003,1.073918392,1.032528339,8618.333333,1,1,1,1,1,0,1,1,1,1,1,1
108.9096492,109.820114,110.0477267,108.6820295,97.40616918,0.907391282,0.896205734,8440,1,0,0,0,0,0,0,0,0,0,0,1
110.6019294,110.433685,111.0175753,110.1071104,92.94537476,0.914691204,0.938233203,8165,1,0,0,0,0,1,0,0,0,0,0,0
110.1071084,111.195709,112.0665873,110.018037,90.66153708,1.019103334,1.073824893,8118.333333,1,1,0,1,1,1,1,1,1,1,1,1
110.5326528,111.007675,111.1957092,109.7310412,88.64524103,1.02173913,1.030465792,8015,0,0,1,1,0,1,1,0,0,0,1,1
110.8790314,110.869133,111.7103232,110.5722456,87.15964967,0.962934865,0.935919944,8000,0,0,1,0,0,0,0,0,0,0,0,1
111.7202146,111.363945,111.8488656,110.5128555,91.85442386,1.058627617,1.048429319,7963.333333,1,1,1,1,1,1,1,1,1,1,1,1
111.8488678,111.096748,112.0764875,109.6518777,87.95410504,1.056702351,1.059306804,8788.333333,0,1,1,1,1,0,1,1,1,1,1,0
111.0868528,110.542549,111.2254011,110.0774251,80.71975392,0.937548871,0.92010573,9616.666667,0,0,1,0,0,0,1,0,0,0,0,0
110.7107925,110.592033,111.4926074,110.2753489,81.3417239,0.987923339,0.982848685,9998.333333,1,1,0,0,1,1,1,0,0,0,0,0
110.2456612,109.246124,110.3941079,108.7315163,58.90802494,1.035065267,1.06383725,10576.66667,0,1,0,1,1,1,1,1,1,1,1,0
108.0288669,109.364876,109.5628006,107.6725963,60.63209827,0.888271115,0.901720122,11510,1,0,0,0,0,0,1,1,1,1,1,1
109.8399054,111.660843,111.7795946,109.8300139,93.96556186,0.953555958,0.959271858,12150,1,1,0,0,1,1,1,0,0,0,0,1
111.6509437,112.442657,112.8088181,111.4827073,94.80343706,1.043670954,1.083309958,11933.33333,1,1,0,1,1,1,0,0,0,0,0,1
112.947376,113.313545,113.808364,112.6010047,91.93550011,0.997012493,1.000181637,11616.66667,1,0,1,0,0,0,0,0,0,0,1,1
113.3531261,113.402603,114.0062831,113.1453031,90.46874071,0.938825126,0.917910448,11916.66667,1,0,0,0,0,0,1,1,1,1,1,1
114.1448295,114.708931,116.0350418,113.4026011,84.14206932,0.822548677,0.862645201,12216.66667,1,0,0,0,0,0,1,1,1,1,0,1
114.966228,116.351723,116.3913095,114.8474764,99.54595933,1.004907689,1.076907023,12216.66667,1,1,0,1,1,1,1,0,0,0,1,1
116.8663277,116.430893,117.2127069,115.7777281,91.80498083,1.016230839,1.051851084,12250,1,0,1,1,0,1,0,0,0,0,1,0
116.1735801,116.302231,117.5194885,115.5006264,87.63815583,0.992085575,0.959820538,12100,0,0,1,0,0,0,0,0,0,0,0,0
115.9261794,118.974266,119.5680477,115.8766945,95.00832954,0.956964892,0.947466777,12566.66667,1,0,0,0,0,0,1,1,1,1,1,1
118.2617217,115.837112,118.3507852,115.8272136,68.63561028,0.927218345,0.967595101,12550,0,0,0,0,0,0,1,0,0,0,0,0
115.3521884,116.440796,116.7871673,115.1146773,73.71052489,1.038956959,1.063914209,12283.33333,1,1,1,1,1,1,0,0,0,0,0,1
117.3908439,116.688202,117.4799073,115.6391799,75.79036189,1.049297106,1.039013733,12250,1,1,1,1,1,1,1,1,1,1,1,0
116.6585111,115.560013,116.9850935,114.3229656,66.30615686,1.197030715,1.125247198,12200,0,1,1,1,1,1,0,0,0,0,1,0
116.2230783,115.718361,116.3616276,114.9266477,60.4675152,2.697713802,2.056191378,12683.33333,1,1,1,1,1,1,1,1,1,1,0,1
116.8465469,116.717896,117.0939564,115.7480479,64.74914382,0.641417126,0.492065491,12683.33333,1,0,1,0,0,0,1,0,0,0,1,1
117.7174223,117.786697,117.8757684,116.8762311,74.43175358,0.637873968,0.500273029,12866.66667,1,1,0,0,1,0,1,1,1,1,1,1
117.8262841,117.954941,118.241937,117.2918787,74.88446417,0.563537676,0.928377312,12800,1,0,0,0,0,0,0,0,0,0,0,1
118.6179918,118.726852,119.1820844,117.91535,86.35628884,0.576680366,0.96637744,12633.33333,1,1,0,0,0,1,0,1,1,1,1,1
118.8555061,118.123177,118.9841639,117.1533279,72.45284805,0.933119635,0.978725425,12533.33333,0,0,0,0,0,1,0,0,0,0,0,0
118.152871,118.64769,118.9841709,118.1330822,82.45293939,0.870172041,0.911577482,12416.66667,1,0,0,0,0,0,1,1,1,1,1,1
118.5685125,118.687271,118.7763354,117.4106371,83.20757009,0.995755218,1.026955817,11966.66667,1,1,0,0,1,1,0,0,0,0,0,0
117.4007324,118.043999,118.3013068,117.3512555,70.94328159,1.047551789,1.068748124,11683.33333,0,1,1,0,1,1,1,1,1,1,1,1
118.5190277,118.944572,119.1029101,118.3013064,95.11202699,1.033087149,1.005366555,11566.66667,1,0,1,0,0,0,0,0,0,0,0,1
119.290945,119.083122,119.5977297,118.6773665,90.2439672,0.955507585,0.933326825,11333.33333,1,0,0,0,0,0,0,1,0,1,1,1
119.3899152,119.696701,119.7263961,119.122717,99.45044032,0.929600191,0.952833078,11483.33333,1,0,0,0,0,0,1,1,1,1,1,1
119.6868088,119.79567,120.3201771,119.3206408,91.2541504,0.972557298,1.015961357,11633.33333,1,1,0,0,0,1,1,1,0,1,1,1
120.3795489,119.518562,120.3894483,118.8555056,84.05787913,1.096888303,1.098249125,12133.33333,0,1,1,1,1,1,1,0,0,0,0,0
119.9836949,120.508202,120.587374,119.2909514,98.36398668,1.116544897,1.065205171,12366.66667,1,1,1,1,0,1,1,0,0,1,1,1
120.9238553,122.091629,122.2400687,120.0430786,97.23258316,1.170833333,1.084104938,12933.33333,1,1,1,1,1,1,1,1,1,1,1,1
121.3493988,122.477585,122.7150961,121.299914,95.72957552,0.825201884,0.806448666,13233.33333,1,0,0,0,0,0,0,0,0,0,0,1
122.8140632,124.140182,124.2787313,122.546865,98.05555839,0.884656562,0.914740726,13283.33333,1,1,0,0,1,1,0,1,1,1,0,1
124.4865465,123.71463,124.5459218,123.2297025,88.75507233,0.947065593,1.05344,12750,0,1,0,0,1,1,0,0,0,0,0,1
128.7122964,127.811722,130.008719,127.4950458,82.64267555,1.048040014,1.077321642,12283.33333,1,1,1,1,1,1,0,1,1,0,1,0
128.3560188,128.544052,129.1675288,127.6830721,88.42843191,0.970255837,0.935535376,11816.66667,1,0,0,0,0,0,0,0,1,0,0,1
128.553951,128.425308,128.8310486,128.0096621,87.49029766,0.918816671,0.917148163,11183.33333,0,0,0,0,0,0,0,0,0,0,1,0
128.4648971,129.246719,129.3456739,128.0492502,93.49130301,0.918008048,0.972468917,11100,1,0,0,0,0,0,1,1,1,1,1,1
129.1774283,126.554886,129.2961799,126.3767512,69.51967546,0.894798516,0.955398517,11233.33333,0,0,0,0,0,0,1,1,1,1,1,0
126.6538621,124.902199,126.6736518,124.2193469,54.21480939,1.081522464,1.092102311,11566.66667,0,1,1,1,1,1,1,0,0,0,0,0
126.0402658,127.564301,128.088808,125.9314046,78.08328484,1.013626905,1.005103173,12083.33333,1,0,1,0,0,0,1,1,1,1,1,0
125.0803254,126.822083,127.2278385,124.8032287,71.42853904,1.044414982,1.003929482,12200,0,1,1,1,1,1,0,0,0,0,0,1
125.1495985,124.219337,125.8621388,122.9328118,45.98332227,1.000460284,0.990774908,12283.33333,0,0,0,0,0,0,0,0,1,0,0,0
124.1401753,124.20945,125.0605396,123.4573232,41.80736253,0.953293491,0.964508709,12150,0,0,0,0,0,0,0,1,1,1,0,0
123.0020932,124.199554,124.48655,122.2895529,33.29549838,1.026102316,1.032473944,12233.33333,0,1,0,1,1,1,1,1,1,1,1,1
123.6156708,125.81266,126.6043733,122.5369616,45.6410324,1.066824857,1.061921481,12216.66667,1,1,1,1,1,1,0,0,0,0,0,0
122.8239588,122.071831,124.2490393,121.7650462,3.721457451,1.040857888,1.008012327,12216.66667,0,0,1,1,0,0,1,1,1,1,1,0
122.5864494,123.437538,124.5756156,122.418205,20.2881873,1.020228672,0.989640463,12733.33333,1,0,1,1,0,0,1,1,1,1,1,1
123.427599,125.175804,125.8611838,122.8713454,44.99307877,1.085212881,1.067108124,12783.33333,1,1,1,1,1,1,0,0,0,0,0,1
125.9009254,128.066315,128.5133125,125.612867,83.12331191,1.012042475,0.997758066,12800,1,0,1,1,0,0,0,1,1,1,0,1
127.4504653,127.212082,129.5860717,127.0630779,69.64605602,1.02339525,0.995520823,12400,0,1,1,1,1,1,0,1,1,1,1,0
125.6724604,125.374474,126.7352916,124.9175565,46.15031356,1.114190374,1.091009784,11993.33333,0,1,1,1,1,1,0,0,0,0,0,1
126.5763666,126.049919,126.6756957,125.7320626,54.78658515,1.133879781,1.08957529,11676.66667,1,1,1,1,1,1,1,1,1,1,1,0
125.7717967,126.814758,127.3809466,125.6724607,64.56585263,1.076710759,1.007881053,11310,1,0,1,1,0,0,1,1,1,1,1,0
125.354603,125.33474,125.4440041,123.9043843,45.64227277,0.948373191,0.919098143,11493.33333,0,0,0,0,0,0,1,1,0,1,0,1
126.0598507,125.394333,126.5664283,125.1261447,46.40423167,0.916096764,0.942999737,11943.33333,1,0,0,0,0,0,1,1,1,1,1,1
126.129386,125.31488,127.1425502,125.2056159,45.38834187,1.038366149,1.0807797,11893.33333,0,1,0,1,1,1,0,0,0,0,0,0
124.5400905,124.103043,124.5500255,123.209071,29.8937369,1.185936809,1.156629393,12283.33333,0,1,1,1,1,1,0,1,1,1,0,0
124.4209035,124.887756,124.917554,123.9441159,39.92711429,1.021980179,0.954337202,12266.66667,1,0,1,0,0,0,0,0,1,0,0,0
123.3978046,122.851486,123.7851921,122.4938976,13.89127014,0.891766791,0.861355529,12283.33333,0,0,0,0,0,0,1,1,1,1,1,0
123.0203487,119.037209,123.5368703,118.212775,7.24885702,0.941444941,0.997256986,12200,0,1,0,0,1,1,0,0,0,0,0,0
120.4675579,122.334969,122.4541602,119.8417812,36.24449554,1.018683918,1.080204778,12133.33333,1,1,1,1,1,1,1,1,1,1,1,1
124.112981,124.987091,125.026824,123.3779401,59.56334555,1.172601552,1.126185885,11690,1,1,1,1,1,1,0,0,0,0,0,1
125.5929994,126.963753,127.1127492,124.7586225,76.94319636,0.957151214,0.905255878,11440,1,0,1,0,0,0,0,1,1,1,1,1
128.3245725,130.51976,131.3640719,127.4007955,93.58001033,0.914082531,0.901694106,11456.66667,1,0,0,0,0,0,1,1,1,1,1,1
131.5130589,131.711731,133.1818126,131.1157444,90.179184,0.992506682,1.051580278,11035,1,1,0,1,1,1,0,0,0,0,0,1
132.9831631,131.215088,133.3407515,130.4005741,85.94879182,1.084066654,1.10548926,10968.33333,0,1,1,1,1,1,1,1,1,1,1,0
130.519769,130.609177,131.0859576,129.8344041,81.94355688,1.076253449,1.019450285,10435,0,0,1,1,0,0,0,0,0,0,1,1
131.0958757,131.433609,132.1090468,130.6786912,87.3932745,0.953846154,0.916812012,10911.66667,1,0,0,0,0,0,1,1,1,1,0,1
131.3740148,131.562744,132.8937637,130.758172,88.24689164,0.848650201,0.879100901,11195,1,0,0,0,0,0,1,1,1,1,0,1
131.7415407,131.960068,132.8341631,131.6422047,90.87331031,0.918382281,0.99594392,11311.66667,1,1,0,0,1,1,1,0,0,1,1,1
133.291074,134.254578,134.3340431,132.6752323,99.50707922,0.985323887,1.042570281,11483.33333,1,1,0,0,1,1,0,0,0,0,0,1
134.0956413,134.781021,135.0194043,132.9136111,98.58161142,1.020946511,1.013744813,11483.33333,1,1,1,0,1,1,1,1,1,1,1,1
136.5292285,136.032578,136.7378287,134.8108217,96.19298967,1.371188475,1.267796359,11400,1,1,1,1,1,1,0,0,0,0,0,0
135.6650735,136.05246,136.8073639,135.5458824,95.5503803,0.72746155,0.702595128,11433.33333,1,0,0,0,0,0,1,1,1,1,1,1
136.0822511,136.857025,137.4728667,136.0822511,95.63075613,0.833924051,0.82715326,11183.33333,1,1,0,0,1,1,0,0,0,0,0,1
136.3305803,132.536163,136.6682987,131.8408552,61.17186663,0.890311544,1.065556819,10900,0,1,0,0,1,1,0,0,0,0,1,0
133.4500214,133.032822,134.8307091,132.7050455,55.91726246,0.869273323,0.974413004,11283.33333,1,0,1,0,0,0,1,1,1,1,1,0
133.241415,133.251343,133.8076046,132.6156313,44.73333299,1.004210005,0.981444131,11433.33333,1,1,0,0,0,1,1,0,0,0,1,1
133.6685357,133.062622,133.6983337,132.2679781,42.26266568,0.977711467,0.993912505,11900,0,0,0,0,0,0,1,1,0,1,0,1
135.7147511,134.771103,135.7842742,134.0658671,64.62948317,1.010030395,1.019533647,11666.66667,1,1,1,0,1,1,0,0,0,0,0,0
135.2081595,135.665085,135.6750121,134.4333855,73.39218396,1.039257456,1.029751734,11633.33333,1,1,1,1,1,1,0,1,1,1,1,1
135.8836023,136.539185,136.8173073,135.3770087,86.09494912,1.065079933,1.039189058,11633.33333,1,1,1,1,1,1,0,0,1,0,0,0
135.0293527,136.141846,136.4100413,134.8108255,77.17204828,0.855303495,0.856178396,11616.66667,0,0,0,0,0,0,1,1,1,1,1,1
135.4862645,136.042526,136.1815872,134.4631653,74.60337732,1.102416091,1.104212199,11816.66667,0,1,1,1,1,1,1,1,0,1,1,0
135.0889575,135.545883,136.0524606,134.8903003,65.78516029,1.137913253,1.138435082,11900,0,1,1,1,1,1,1,0,0,1,1,1
136.2113812,136.926559,137.6516648,136.1021171,87.52143233,1.213723163,1.10864745,12383.33333,1,1,1,1,1,1,1,0,0,1,0,1
137.2742128,137.47287,138.2873839,136.9464214,87.36507791,1.082552479,0.984137056,12616.66667,1,0,1,1,0,0,0,0,0,0,0,1
137.9198749,137.969528,138.1979982,137.0854909,95.06934829,0.893621306,0.873953717,12816.66667,1,0,0,0,0,0,0,0,1,0,0,1
138.5059186,137.969528,138.6052398,137.5324884,90.6020754,0.956658826,0.996524459,13016.66667,1,1,0,0,1,1,1,1,1,1,1,0
138.0291392,136.161728,138.1185323,135.6054813,61.44215106,0.978648581,1.037181649,12583.33333,0,1,0,1,1,1,0,0,0,0,0,0
136.7775758,135.357162,137.0060311,135.307494,48.74635202,1.068749043,1.055177627,12300,0,1,1,1,1,1,0,1,1,1,1,0
134.641967,135.506134,135.7047912,133.7678571,51.09708344,0.969491525,0.945094052,11503.33333,1,0,0,0,0,0,0,0,0,0,0,1
139.2806932,135.704803,139.7276758,135.5359438,32.50008129,0.948083606,0.948624805,11046.66667,1,0,0,0,0,0,0,1,1,1,1,0
136.4895138,137.50267,138.2575878,136.4100477,62.6665526,0.995336788,1.027639087,11213.33333,1,1,0,1,1,1,1,1,1,1,1,1
138.8237565,138.356903,139.0522257,137.1053496,76.99975706,1.079209937,1.083659908,11146.66667,1,1,1,1,1,1,1,1,0,1,1,0
137.9695289,139.777344,139.797214,137.9198757,99.67044583,1.031428131,0.99603273,11280,1,0,1,1,0,0,0,0,0,0,0,1
139.4892683,139.250885,139.6680705,138.386718,90.93885129,0.872196604,0.861988607,11513.33333,0,0,0,0,0,0,1,1,1,1,1,0
139.4296848,140.393188,140.7309074,139.3601617,95.14983503,0.845988153,0.898741419,12160,1,0,0,0,0,0,1,0,0,0,0,1
140.5521186,140.085266,140.5620466,138.436382,90.72760649,0.95162177,1.045605557,13000,0,1,0,0,1,1,1,1,1,1,0,0
139.2012208,139.409821,140.273988,138.8635024,81.02718834,1.059099384,1.086351782,13350,0,1,1,1,1,1,1,1,0,1,0,1
139.389963,135.357162,139.5488942,134.1751316,22.82483744,1.061146937,1.014774709,13333.33333,0,0,1,1,0,1,0,0,0,0,1,0
136.0822647,137.135162,139.9958734,136.0127267,48.35962334,0.954178674,0.924343942,13800,1,0,0,0,0,0,1,1,1,1,0,1
137.1649554,135.982925,137.3934256,134.3539121,31.81174646,0.901223171,0.925995455,13883.33333,0,0,0,0,0,0,0,0,0,0,0,0
132.4070503,131.324356,133.0328201,129.9039274,13.11934284,1.023737171,1.070657605,13816.66667,0,1,0,1,1,1,0,0,0,0,0,1
132.903698,133.787735,134.7710942,132.3176543,35.87156909,1.086881966,1.086778434,14033.33333,1,1,1,1,1,1,1,1,1,1,1,0
132.8937543,134.373779,134.7412955,130.946893,41.28438039,1.100033891,1.036915432,13600,1,1,1,1,1,1,0,0,0,0,0,1
135.6849423,137.959595,138.0589311,135.0194177,74.40364337,1.106422118,1.04088904,13566.66667,1,1,1,1,1,1,0,1,1,1,1,1
137.6814711,136.787506,138.4463169,135.5458796,63.57801154,0.924048617,0.910961891,13833.33333,0,0,0,0,0,0,1,1,1,1,1,0
136.1517954,134.880356,136.9364973,134.3340523,45.96321971,1.049976719,1.046943513,13933.33333,0,1,1,1,1,1,0,0,0,0,0,0
135.1386339,137.671555,137.8702123,134.0956646,71.7432524,1.053782025,1.064259434,14516.66667,1,1,1,1,1,1,1,1,1,1,0,1
135.8975688,133.525635,136.4556667,133.2166883,33.45076478,1.064015567,1.02606255,14266.66667,0,1,1,1,1,1,0,0,0,0,1,0
133.9342522,133.226654,134.1236109,131.8015104,31.17554384,0.894796438,0.877439435,14633.33333,0,0,0,0,0,0,0,1,1,1,0,1
134.422604,135.668365,135.9972479,134.2631426,55.58730873,0.897139035,0.931605664,14891.66667,1,1,0,0,0,1,1,1,1,1,0,1
137.3825291,137.940628,138.0801522,136.4257776,79.63479569,1.007530512,1.073404648,14741.66667,1,1,0,1,1,1,1,1,0,1,1,1
137.7413154,136.794525,138.2396198,136.7746028,68.27818526,1.102110314,1.101125526,15258.33333,0,1,1,1,1,1,1,1,1,1,1,1
138.0801449,138.319321,139.0169591,137.5320071,92.3446104,1.144861005,1.065342932,15708.33333,1,1,1,1,1,1,1,1,0,1,1,1
138.1897797,137.312759,138.7279415,135.8278059,81.29930702,0.949570546,0.904401212,16375,0,0,0,0,0,0,1,0,0,1,0,0
136.7247696,132.937653,137.8808399,132.3496578,24.6684473,0.993852459,0.990116656,16808.33333,0,1,0,1,1,1,1,0,0,0,0,0
134.5322299,134.990662,135.10029,133.4459153,50.10825138,0.968947113,1.011224576,17016.66667,1,0,0,0,0,0,0,0,0,0,0,1
135.9274677,135.279678,136.2563506,134.2033395,48.20445323,1.024817518,1.028990228,17133.33333,1,1,1,1,1,1,0,0,1,0,0,0
134.422594,135.100281,135.2995998,133.0971024,45.71816293,0.993764031,0.9804758,17050,0,0,0,0,0,0,1,1,1,1,0,1
136.7845514,137.651596,137.9705178,136.4457084,81.07722544,1.010205083,1.003248335,16433.33333,1,1,1,1,1,1,0,0,0,0,0,1
138.6781053,137.392487,138.7080026,135.807882,77.48619441,0.866369259,0.890104167,16450,0,0,0,0,0,0,1,1,1,1,1,0
136.146734,135.578659,136.7347292,135.239816,52.34807637,0.970286885,1.003532321,16250,0,1,0,0,1,1,0,0,0,0,0,1
136.8343861,137.163269,137.2230625,136.01716,74.3094273,0.968608448,1.013781698,16266.66667,1,0,0,0,0,0,0,1,0,1,1,1
138.6382438,139.575058,139.9039409,138.2894247,95.64640516,1.023853697,1.022949951,16183.33333,1,1,1,1,1,1,0,0,1,0,0,1
139.5551352,138.628296,139.7046206,137.7313391,83.11362097,1.013677894,0.996368789,16133.33333,0,0,0,0,0,0,1,1,1,1,1,0
139.1166223,137.05365,139.2760837,135.9972476,62.26920758,1.000901713,0.994291736,16400,0,1,1,0,0,0,1,0,0,0,0,0
136.3360893,135.61853,136.4257802,134.0538472,43.2717729,1.064524556,1.05397017,16233.33333,0,1,1,1,1,1,1,1,1,1,1,0
135.4491071,135.658386,135.8078863,134.6318799,43.79936764,1.087748596,1.06165624,16633.33333,1,1,1,1,1,1,1,1,1,1,1,1
137.3825329,137.05365,137.950592,136.4058453,62.26920758,1.082306555,1.03211656,16766.66667,1,1,1,1,1,0,0,0,0,0,0,0
137.3127561,136.854324,137.5918055,136.1068674,55.19774883,0.867686004,0.8565439,17166.66667,0,0,0,0,0,0,1,1,1,1,0,0
135.3693716,135.867676,136.2364163,135.1999501,40.70279644,0.914511422,0.94826087,17516.66667,0,1,0,0,1,1,1,1,1,1,1,1
136.4955542,136.924088,137.0536521,135.9673375,56.2226593,0.957267144,1.034473223,17883.33333,1,1,0,0,1,1,1,0,0,0,0,1
136.8941779,138.050247,138.1997323,136.0669906,68.31343266,1.09765465,1.102717997,17450,1,1,1,1,1,1,0,0,0,0,0,1
139.8242212,140.591614,141.8871935,139.5950052,83.46071451,1.062230085,1.0113946,16566.66667,1,0,1,1,0,0,0,0,0,0,0,1
140.5318018,138.967133,141.1696305,137.7811665,62.72269361,1.122820841,1.05800464,16850,0,1,1,1,1,1,1,1,1,1,1,0
138.7578438,138.668152,139.1564963,137.9705288,58.90592122,1.003500024,0.978875984,16683.33333,0,0,0,0,0,0,1,0,0,0,0,1
139.8840143,136.914124,140.2128962,136.4158196,36.51411158,1.046382704,1.023651702,16250,0,1,1,1,1,1,0,0,0,0,0,0
137.0337116,138.887405,139.4853763,135.5686957,61.70489104,0.951725746,0.956708604,16333.33333,1,0,0,0,0,0,1,1,1,1,1,1
138.9671361,139.066788,139.7046176,137.9705273,63.99488299,0.925395558,0.942085557,16950,1,0,0,0,0,0,1,0,0,0,1,1
139.6747153,137.262924,139.8840101,136.1865845,40.96687015,0.912332112,0.953142274,18272.22222,0,0,0,0,0,0,1,1,1,1,0,0
137.5818444,138.558517,138.7478747,137.312756,54.12084574,0.994245524,1.034809317,19083.33333,1,1,0,1,1,1,1,1,1,1,1,1
139.1863929,136.605179,139.7743881,136.5354094,21.01357467,1.095379293,1.089010809,20650,0,1,1,1,1,1,1,1,0,1,1,0
135.7879551,134.193375,135.9075432,133.1270115,12.1728463,1.04243226,1.002670646,20083.33333,0,0,1,1,0,0,0,0,0,0,0,0
134.4923494,135.817841,136.2862481,132.7682202,33.44258949,0.952661849,0.925501433,19522.22222,1,0,0,0,0,0,0,1,1,1,1,1
136.286247,137.651596,137.7811601,135.9573641,53.55181597,0.887727813,0.917975418,19550,1,0,0,0,0,0,1,1,1,1,1,1
136.6749352,136.654999,137.7114024,136.5553471,42.62298699,0.947553325,1.008098247,19627.77778,0,1,0,0,1,1,1,1,0,1,1,0
136.6151374,135.209915,137.2928244,135.1600816,26.77598374,1.092417898,1.111272665,16056.66667,0,1,1,1,1,1,0,0,0,0,0,1
136.9938571,137.77121,138.2296421,136.5055128,59.54940472,1.024514811,0.99315125,12473.33333,1,0,1,0,0,0,0,1,1,1,1,1
138.0203636,138.628296,139.1963551,137.7811725,78.7149879,0.98239869,0.945579906,10881.66667,1,0,1,0,0,0,0,0,1,0,0,1
139.6448239,139.206314,140.5517419,139.0269314,82.71440685,0.95010912,0.968609865,8754.444444,1,0,0,0,0,0,0,0,0,0,0,0
139.2162912,139.076767,139.8142476,139.0468697,81.05003171,1.008470753,1.039972433,6545,0,1,1,1,1,1,0,1,1,1,1,1
139.5850317,141.08992,141.30916,139.3358795,97.43306947,1.186337223,1.154430981,3408.333333,1,1,1,1,1,1,0,0,0,0,1,1
140.3125384,139.933838,140.5118721,139.0568173,83.8972991,1.139943741,1.061326931,3460,0,1,1,1,1,0,0,0,0,0,0,1
140.472,139.216278,140.9404071,138.5485521,75.49588173,0.860942825,0.816916168,3073.333333,0,0,0,0,0,0,0,0,1,0,1,0
139.2860377,136.944016,139.5252287,136.0968926,48.89152611,0.973316038,0.992364009,3196.666667,0,1,0,1,1,1,1,1,1,1,1,0
137.9804772,137.960541,138.0303106,136.5453586,60.79331939,1.02003354,1.094157686,3003.333333,1,1,0,1,1,1,0,0,0,0,0,1
138.4987208,135.907532,139.5351879,135.797905,36.75604661,1.002788104,0.994546432,2923.333333,0,0,1,1,0,0,1,1,1,1,1,0
136.4158178,136.774597,136.9838769,135.1501207,26.37548241,1.040646541,0.995377037,2918.333333,1,1,1,1,1,1,0,0,0,0,0,1
138.9173012,139.465439,139.9438072,138.1997418,70.06479592,0.88995464,0.906909558,2983.333333,1,0,0,0,0,0,0,1,0,1,1,0
138.8674608,140.252747,140.6613596,138.7279366,82.84776349,0.855243867,0.901674538,3003.333333,1,0,0,0,0,0,0,0,1,1,0,1
143.9102989,143.701019,145.175996,143.0233181,85.28829722,0.965573025,1.033643005,2700,1,1,0,0,1,1,0,0,0,1,1,0
143.591403,142.345642,144.0099768,142.1662444,71.7695075,1.00118943,1.037884203,2900,0,1,1,0,1,1,1,1,1,1,0,0
143.0332974,144.119598,144.5082744,142.305762,89.46328431,1.036721068,1.011546747,3003.333333,1,1,1,1,1,1,1,1,1,1,1,1
144.4086145,142.883804,144.4385118,142.5051026,77.13723833,0.99676667,0.977221549,3078.333333,0,0,0,0,0,0,0,0,0,0,0,0
143.7707828,143.23262,143.9302432,142.4851634,80.61639591,1.045398394,1.038343558,3110,1,1,1,1,1,1,0,1,0,0,1,1
144.3388485,144.059799,144.50827,143.6711226,88.86683763,1.082132637,1.06584803,3375,1,1,1,1,1,1,1,1,1,1,1,1
144.4783725,143.970108,144.5282059,143.4219702,87.97224242,1.109818182,1.060458652,3740,0,1,1,1,1,1,1,1,0,1,0,0
143.8804027,143.571457,144.029903,142.7143725,83.99602102,1.064431047,1.011261093,3970,0,0,1,1,1,0,1,1,0,1,0,0
143.3522073,143.770782,144.3886894,143.2824527,85.98412673,1.002974148,0.975522919,3841.666667,1,0,1,1,0,0,1,1,1,1,1,1
143.4917306,145.465027,145.4949233,143.2724757,99.71100202,0.916039295,0.928499418,3745,1,0,0,0,0,0,0,0,0,0,0,1
144.8471232,145.614517,145.9234627,144.2391918,97.13231284,1.113137874,1.122056955,3713.333333,1,1,1,1,1,1,0,1,1,1,0,1
145.7839301,146.571259,147.0695634,145.5646752,94.38202469,1.156043295,1.123174294,4205,1,1,1,1,1,1,1,1,1,1,1,1
146.24238,146.81044,146.9599403,145.7839339,96.8936109,1.124994837,1.032019704,4150,1,1,1,1,1,0,0,0,0,0,0,1
146.5214249,147.557892,147.906711,146.5014887,93.92350707,1.506361682,1.323356384,3820,1,1,1,1,1,1,0,0,0,0,0,1
148.4249449,149.461426,149.4813622,147.767194,99.72746627,0.768776899,0.721302578,3508.333333,1,0,0,0,0,0,0,1,1,1,1,1
149.5610966,149.83017,150.0394648,148.474782,97.29373058,0.794085433,0.771762147,3421.666667,1,1,0,0,1,1,0,0,0,0,0,1
150.3683343,149.87999,150.8168052,149.6906323,88.75593502,0.836512262,1.021064302,3200,1,1,0,0,1,1,0,0,0,0,0,0
150.309998,149.619995,150.839996,148.460007,85.39766077,0.916019238,1.057216055,2338.333333,0,1,1,0,1,1,0,1,1,1,1,0
149.399994,149.479996,149.800003,148.5,83.26282292,0.948173806,0.934663593,1996.666667,0,0,0,0,0,1,0,0,0,0,1,1
150.070007,149.589996,150.300003,148.820007,84.61656519,0.906579944,0.914812317,1782.333333,1,0,0,0,0,0,0,0,0,0,0,0
150,151.229996,151.350006,149.919998,98.61029304,1.072631809,1.106106181,1740.666667,1,1,0,1,1,1,1,1,1,1,1,1
151.360001,152.029999,152.419998,151.320007,95.73656137,1.053371394,1.05554753,1770.666667,1,0,1,1,0,0,1,0,0,0,1,1
152.330002,152.320007,152.5,151.520004,98.04939013,1.045058772,0.988198971,1809,1,0,1,1,0,0,0,0,0,0,0,0
